<?xml version="1.0" encoding="UTF-8"?>
<!DOCTYPE hibernate-mapping PUBLIC
        "-//Hibernate/Hibernate Mapping DTD 3.0//EN"
        "http://www.hibernate.org/dtd/hibernate-mapping-3.0.dtd">
<hibernate-mapping>

    <class name="org.example.pojo.Address" table="addxml">
        <id name ="addressId">
            <generator class="native"></generator>
        </id>
        <property name="hno" length="10"/>
        <property name="street" length="15"/>
        <property name="area" length="15"/>
        <property name="zipcode" length="10"/>

    </class>

</hibernate-mapping>