<?xml version="1.0" encoding="UTF-8"?>
<!DOCTYPE hibernate-mapping PUBLIC
        "-//Hibernate/Hibernate Mapping DTD 3.0//EN"
        "http://www.hibernate.org/dtd/hibernate-mapping-3.0.dtd">
<hibernate-mapping>

    <class name="org.example.pojo.Employee" table="empxml">
        <id name ="empno">
            <generator class="assigned"></generator>
        </id>
        <property name="ename" length="25" not-null="true"/>
        <many-to-one name="deptno" class="org.example.pojo.Department"/>
    </class>

</hibernate-mapping>