<?xml version="1.0" encoding="UTF-8"?>
<!DOCTYPE hibernate-mapping PUBLIC
        "-//Hibernate/Hibernate Mapping DTD 3.0//EN"
        "http://www.hibernate.org/dtd/hibernate-mapping-3.0.dtd">
<hibernate-mapping>
    <class name="org.example.pojo.Projects" table="tblxmlProjects">
        <id name = "projectCode">
            <generator class="assigned"></generator>
        </id>
        <property name="projectDesc" length="25" not-null="true"/>
        <property name="startDate" not-null="true"/>
        <property name="duration" not-null="true"/>
    </class>





</hibernate-mapping>