<?xml version = "1.0" encoding = "UTF-8"?>

<beans xmlns = "http://www.springframework.org/schema/beans"
       xmlns:xsi = "http://www.w3.org/2001/XMLSchema-instance"
       xsi:schemaLocation = "http://www.springframework.org/schema/beans
       http://www.springframework.org/schema/beans/spring-beans-3.0.xsd">

    <bean id="S" class="org.example.pojo.Square" autowire="constructor">
    </bean>

    <bean id="pointA" class="org.example.pojo.Point">
        <property name="x" value="1000"></property>
        <property name="y" value="2000"></property>
    </bean>

</beans>

